Country,Clicks,Impressions,CTR,Position
United Kingdom,170,9262,1.84%,22.23
Netherlands,2,41,4.88%,10.68
Italy,2,14,14.29%,15.5
Germany,1,29,3.45%,7.69
Spain,1,23,4.35%,7.17
India,1,15,6.67%,30.93
Greece,1,6,16.67%,14
Hungary,1,2,50%,19
United States,0,305,0%,8.53
France,0,15,0%,13
Poland,0,10,0%,6.8
United Arab Emirates,0,10,0%,7
Vietnam,0,8,0%,25.25
Brazil,0,7,0%,6.71
Indonesia,0,7,0%,38.14
Australia,0,6,0%,8
Switzerland,0,5,0%,5.4
Pakistan,0,5,0%,7.2
Jersey,0,5,0%,7.8
Turkey,0,5,0%,15.4
Thailand,0,5,0%,36.6
Philippines,0,5,0%,59.2
Ireland,0,4,0%,4.75
Hong Kong,0,3,0%,4
Romania,0,3,0%,19
Saudi Arabia,0,3,0%,20.67
Malaysia,0,3,0%,44.33
Algeria,0,3,0%,45.67
Belgium,0,2,0%,2.5
Albania,0,2,0%,3.5
Austria,0,2,0%,4
Croatia,0,2,0%,4.5
Norway,0,2,0%,5.5
Canada,0,2,0%,6
Ecuador,0,2,0%,6
Ukraine,0,2,0%,9.5
Singapore,0,2,0%,11.5
Denmark,0,2,0%,17
Czechia,0,2,0%,20.5
Morocco,0,2,0%,31.5
Russia,0,2,0%,39
Mexico,0,2,0%,45.5
Japan,0,2,0%,64.5
China,0,1,0%,1
Bangladesh,0,1,0%,2
Guam,0,1,0%,3
South Korea,0,1,0%,4
Mauritius,0,1,0%,4
Malta,0,1,0%,5
Portugal,0,1,0%,5
New Zealand,0,1,0%,6
Peru,0,1,0%,6
Guadeloupe,0,1,0%,7
Nepal,0,1,0%,7
Israel,0,1,0%,8
South Africa,0,1,0%,8
Kuwait,0,1,0%,9
Zambia,0,1,0%,10
Nigeria,0,1,0%,15
Bulgaria,0,1,0%,21
Iraq,0,1,0%,21
Egypt,0,1,0%,50
Belize,0,1,0%,59
Palestine,0,1,0%,60