Top queries,Clicks,Impressions,CTR,Position
employment settlement agreement calculator uk,0,47,0%,65.98
settlement agreement calculator uk,0,45,0%,63.89
compromise agreement calculator,0,45,0%,74.73
settlement agreement calculator,0,37,0%,78.49
settlement calculator,0,27,0%,68.89
settlement calculator uk,0,22,0%,67.14
settlement agreement calculator acas,0,16,0%,78.81
compromise agreement calculator uk,0,14,0%,66.57
work settlement calculator,0,14,0%,72
employment settlement agreement calculator,0,14,0%,75.07
employee settlement calculator,0,9,0%,69.67
settlement agreement tax calculator uk,0,8,0%,78
redundancy settlement agreement calculator,0,5,0%,85.6
calculate settlement agreement,0,4,0%,61.75
settlement offer calculator free,0,1,0%,9
agreement check,0,1,0%,58
employment settlement agreement calculator ireland,0,1,0%,64
settlement estimate,0,1,0%,74
calculate settlement,0,1,0%,77
average settlement agreement amount uk,0,1,0%,78
settlement calculation,0,1,0%,88