Date,Clicks,Impressions,CTR,Position
2026-06-30,1,78,1.28%,28.6
2026-07-01,0,66,0%,29.1
2026-07-02,1,50,2%,24.7
2026-07-03,0,62,0%,26.1
2026-07-04,1,65,1.54%,33.6
2026-07-05,0,70,0%,36.3
2026-07-06,1,65,1.54%,27.1
2026-07-07,1,59,1.69%,27.7
2026-07-08,0,87,0%,28.8
2026-07-09,0,63,0%,24.4
2026-07-10,2,79,2.53%,26.9
2026-07-11,1,69,1.45%,30.1
2026-07-12,2,83,2.41%,26.2
2026-07-13,1,91,1.1%,24.4
2026-07-14,1,85,1.18%,26.1
2026-07-15,2,73,2.74%,25.4
2026-07-16,1,74,1.35%,27.7
2026-07-17,1,106,0.94%,29.3
2026-07-18,0,115,0%,40
2026-07-19,0,57,0%,32.3
2026-07-20,0,111,0%,36.9
2026-07-21,3,101,2.97%,30.8
2026-07-22,1,107,0.93%,27.5
2026-07-23,1,96,1.04%,31.1
2026-07-24,0,85,0%,21.9
2026-07-25,0,66,0%,26.2
2026-07-26,1,59,1.69%,22.3
2026-07-27,2,128,1.56%,13.9
2026-07-28,3,136,2.21%,16.7
2026-07-29,1,86,1.16%,19.8
2026-07-30,1,89,1.12%,20.3
2026-07-31,0,76,0%,22.2
2026-08-01,1,68,1.47%,25.2
2026-08-02,0,67,0%,30.3
2026-08-03,4,81,4.94%,21.6
2026-08-04,1,55,1.82%,22
2026-08-05,3,69,4.35%,26.5
2026-08-06,1,96,1.04%,30.2
2026-08-07,0,62,0%,24.8
2026-08-08,0,58,0%,32.7
2026-08-09,0,69,0%,30
2026-08-10,0,71,0%,23.2
2026-08-11,0,83,0%,19.3
2026-08-12,0,109,0%,26.6
2026-08-13,1,104,0.96%,18.4
2026-08-14,0,104,0%,27.2
2026-08-15,0,67,0%,24.6
2026-08-16,1,95,1.05%,25.3
2026-08-17,1,125,0.8%,18
2026-08-18,2,129,1.55%,17.5
2026-08-19,2,130,1.54%,16.1
2026-08-20,1,152,0.66%,19.4
2026-08-21,3,117,2.56%,18.8
2026-08-22,1,98,1.02%,20.5
2026-08-23,2,120,1.67%,17.6
2026-08-24,2,137,1.46%,15
2026-08-25,4,124,3.23%,17.3
2026-08-26,3,116,2.59%,16
2026-08-27,1,120,0.83%,15
2026-08-28,4,103,3.88%,17.2
2026-08-29,1,104,0.96%,18.9
2026-08-30,0,92,0%,20.2
2026-08-31,1,109,0.92%,20.2
2026-09-01,1,96,1.04%,16.7
2026-09-02,2,122,1.64%,14.1
2026-09-03,1,149,0.67%,18.4
2026-09-04,4,132,3.03%,14.2
2026-09-05,2,109,1.83%,14.8
2026-09-06,3,122,2.46%,13.9
2026-09-07,5,167,2.99%,15
2026-09-08,5,184,2.72%,8.9
2026-09-09,3,138,2.17%,12
2026-09-10,6,109,5.5%,11.2
2026-09-11,5,122,4.1%,11.5
2026-09-12,2,81,2.47%,24.5
2026-09-13,0,99,0%,26.4
2026-09-14,5,119,4.2%,15.6
2026-09-15,5,110,4.55%,18.7
2026-09-16,5,124,4.03%,12.3
2026-09-17,6,97,6.19%,18.1
2026-09-18,2,85,2.35%,15.3
2026-09-19,3,108,2.78%,20.6
2026-09-20,3,95,3.16%,22.8
2026-09-21,1,118,0.85%,16.8
2026-09-22,4,131,3.05%,15.9
2026-09-23,4,151,2.65%,14.6
2026-09-24,1,122,0.82%,15.5
2026-09-25,2,83,2.41%,12.8
2026-09-26,1,77,1.3%,21.4
2026-09-27,1,92,1.09%,30.5
2026-09-28,5,115,4.35%,13.8
2026-09-29,2,128,1.56%,13.2