Top pages,Clicks,Impressions,CTR,Position
https://settlementcheck.co.uk/,128,7053,1.81%,19.31
https://settlementcheck.co.uk/guides/protective-award/,11,617,1.78%,9.25
https://settlementcheck.co.uk/guides/average-settlement-agreement-payout-uk/,6,364,1.65%,38.11
https://settlementcheck.co.uk/guides/nhs-settlement-agreements/,6,159,3.77%,10.63
https://settlementcheck.co.uk/constructive-dismissal-calculator/,4,126,3.17%,13.04
https://settlementcheck.co.uk/guides/pilon-tax-treatment-2026/,2,43,4.65%,10.51
https://settlementcheck.co.uk/constructive-dismissal-calculator,1,2,50%,1
https://settlementcheck.co.uk/how-it-works/,0,974,0%,72.93
https://settlementcheck.co.uk/guides/redundancy-pay-cap-2026/,0,207,0%,23.1
https://settlementcheck.co.uk/guides/,0,166,0%,45.07
https://settlementcheck.co.uk/calculator/,0,90,0%,76.59
https://settlementcheck.co.uk/guides/constructive-dismissal-settlement-agreements/,0,86,0%,53.84
https://settlementcheck.co.uk/guides/tax-free-settlement-30000/,0,65,0%,11.51
https://settlementcheck.co.uk/guides/is-my-settlement-offer-fair/,0,18,0%,5.11
https://settlementcheck.co.uk/guides/settlement-agreement-vs-tribunal-claim/,0,6,0%,5.33
https://settlementcheck.co.uk/guides/is-my-settlement-offer-fair,0,2,0%,6.5